














Skip Navigation



Locations
Recruiting Events
Sign In / Register





Menu

Menu
Career Home
About Us
Opportunities
Why Lowe's?
Students & Grads
Military






Search Jobs
Locations
Recruiting Events

Sign In








Search Jobs


Keyword



State
Select
Alabama
Alaska
Arizona
Arkansas
California
Colorado
Connecticut
Delaware
District of Columbia
Florida
Georgia
Hawaii
Idaho
Illinois
Indiana
Iowa
Kansas
Kentucky
Louisiana
Maine
Maryland
Massachusetts
Michigan
Minnesota
Mississippi
Missouri
Montana
Nebraska
Nevada
New Hampshire
New Jersey
New Mexico
New York
North Carolina
North Dakota
Ohio
Oklahoma
Oregon
Pennsylvania
Rhode Island
South Carolina
South Dakota
Tennessee
Texas
Utah
Vermont
Virginia
Washington
West Virginia
Wisconsin
Wyoming



City
Select
Abbeville
Abilene
Abingdon
Abingdon
Abington
Adairsville
Adrian
Aiken
Akron
Alabaster
Alachua
Alamogordo
Albany
Albany
Albany
Albemarle
Albuquerque
Alcoa
Alexandria
Alexandria
Aliso Viejo
Allen
Allen Park
Alliance
Alpharetta
Altamonte Springs
Alton
Altoona
Altoona
Amarillo
Americus
Ames
Amherst
Amherst
Amsterdam
Anaheim
Anchorage
Anderson
Anderson
Ann Arbor
Anniston
Antioch
Apex
Apopka
Apple Valley
Appleton
Aransas Pass
Arden
Ardmore
Arlington
Arlington
Arlington Heights
Arnold
Arvada
Asheboro
Asheville
Ashland
Ashland
Ashtabula
Athens
Athens
Athens
Athens
Atlanta
Auburn
Auburn
Auburn
Auburndale
Augusta
Augusta
Aurora
Austell
Austin
Avon
Avon
Avondale
Bakersfield
Ballwin
Baltimore
Bangor
Banner Elk
Barboursville
Bardstown
Bartlesville
Bartlett
Bartonsville
Bartow
Bastrop
Batesville
Baton Rouge
Battle Creek
Bay Shore
Bayonne
Baytown
Bear
Beaufort
Beaumont
Beckley
Bedford
Bedford
Bedford
Bedford Heights
Bee Cave
Belle Vernon
Bellefontaine
Belleville
Bellevue
Bellingham
Belmont
Bend
Benton Harbor
Bentonville
Bessemer
Bethel Park
Bethlehem
Big Rapids
Billings
Binghamton
Birmingham
Bismarck
Blaine
Bloomfield
Bloomfield Hills
Bloomington
Bloomington
Bloomsburg
Bluefield
Bluffton
Bluffton
Blytheville
Boca Raton
Boiling Springs
Boise
Bolingbrook
Bonney Lake
Boone
Bossier City
Bowie
Bowling Green
Boynton Beach
Bozeman
Bradenton
Bradley
Brandon
Bremerton
Brenham
Brevard
Brewer
Brick Township
Bridgeton
Brighton
Bristol
Bristol
Brockport
Brockton
Broken Arrow
Brookhaven
Brookings
Brooklyn
Brooklyn
Brooksville
Brownsburg
Brownsville
Brunswick
Brunswick
Bryan
Bryant
Buckeye
Buckhannon
Buford
Burbank
Burleson
Burlington
Burlington
Burton
Butler
Butler
California
Camden
Camden
Camillus
Campbellsville
Canandaigua
Canton
Canton
Cape Carteret
Cape Coral
Cape Girardeau
Carbondale
Carefree
Carlisle
Carlsbad
Carmel
Carnegie
Carol Stream
Carrollton
Carrollton
Carson City
Cartersville
Carthage
Cary
Casa Grande
Castle Rock
Catskill
Cedar Rapids
Centerville
Central
Centralia
Chambersburg
Chamblee
Champaign
Chandler
Chantilly
Chapel Hill
Charleston
Charleston
Charlotte
Charlottesville
Charter Township of Clinton
Chesapeake
Chester
Chester
Chesterfield
Chesterfield
Chesterfield
Cheyenne
Chicago
Chico
Chillicothe
Chillicothe
Chino Hills
Christiansburg
Cicero
Cincinnati
Citrus Heights
City of Industry
City of Saint Peters
Claremore
Clarksburg
Clarksville
Clarksville
Clearfield
Clearwater
Cleburne
Clermont
Cleveland
Clinton
Clinton
Clinton
Clover
Clovis
Coeur d'Alene
College Station
Collierville
Colorado Springs
Columbia
Columbia
Columbia
Columbus
Columbus
Columbus
Columbus
Commack
Commerce Township
Concord
Concord
Concord
Conroe
Conway
Conway
Conway
Cookeville
Coon Rapids
Coral Springs
Coralville
Corbin
Cordova
Corinth
Cornelia
Corona
Cortland
Cotati
Covina
Covington
Cranberry Township
Cranston
Crestview
Cromwell
Cross Lanes
Crossville
Crowley
Cullman
Culpeper
Cumming
Cypress
Dallas
Dalton
Danbury
Danvers
Danville
Danville
Danville
Daphne
Davenport
Dayton
Dayville
Decatur
Decatur
Dedham
Defiance
DeKalb
Delavan
Delran Township
Deltona
Denton
Denver
Deptford Township
Derby
Derby
Destin
Dickson
Dickson City
Dothan
Douglas
Douglasville
Dover
Downingtown
Dublin
Dublin
DuBois
Dubuque
Durant
Durham
Dyersburg
Eagle Pass
Easley
East Brunswick
East Ellijay
East Patchogue
East Peoria
East Point
East Rutherford
Easton
Easton
Eatontown
Edinburg
Edmond
Edwardsville
Egg Harbor Township
El Paso
Elizabeth City
Elizabethton
Elizabethtown
Elk Grove
Elkhart
Elkin
Elkridge
Elmira
Elverson
Elyria
Enid
Enterprise
Epping
Erie
Erwin
Escondido
Española
Essex Junction
Estero
Eugene
Euless
Evans
Evansville
Everett
Fairbanks
Fairborn
Fairfax
Fairfield
Fairview Heights
Fargo
Farmingdale
Farmington
Farmington
Farmville
Fayetteville
Fayetteville
Fayetteville
Fayetteville
Federal Way
Fenton
Fern Park
Fernandina Beach
Fernley
Festus
Findlay
Flanders
Flemington
Flint
Florence
Florence
Florence
Florissant
Flower Mound
Flowood
Foley
Folsom
Fontana
Forest City
Forney
Forsyth
Fort Collins
Fort Gratiot Township
Fort Mill
Fort Myers
Fort Oglethorpe
Fort Smith
Fort Walton Beach
Fort Wayne
Fort Worth
Fountain
Framingham
Frankfort
Franklin
Franklin
Franklin
Franklin
Franklin
Franklin
Frederick
Fredericksburg
Fremont
Fremont
Fresno
Frisco
Front Royal
Fultondale
Gadsden
Gaffney
Gainesville
Gainesville
Gainesville
Gaithersburg
Galesburg
Gallatin
Garden City
Garland
Garner
Gastonia
Gautier
Gaylord
Geneva
Georgetown
Gibsonia
Gilbert
Gilford
Gilroy
Glasgow
Glen Allen
Glen Burnie
Glen Carbon
Glendale
Glenmont
Glenville
Glenwood Springs
Gloucester
Goldsboro
Gonzales
Goodyear
Goose Creek
Gordonsville
Goshen
Granbury
Grand Forks
Grand Junction
Grand Ledge
Grand Rapids
Grandville
Granite City
Graysville
Greeley
Greenland
Greensboro
Greensburg
Greenville
Greenville
Greenville
Greenville
Greenwood
Greenwood Village
Greer
Griffin
Grove
Gulf Breeze
Gulfport
Gun Barrel City
Guntersville
Gurnee
Hackettstown
Hadley
Hagerstown
Haines City
Halfmoon
Hamburg
Hamburg
Hamilton
Hamilton
Hammond
Hampstead
Hampton
Hanford
Hannibal
Hanover
Harlingen
Harper Woods
Harriman
Harrisburg
Harrisonburg
Hartselle
Hartsville
Harvey
Hatfield
Hattiesburg
Havertown
Hawthorne
Heath
Helena
Hemet
Henderson
Henderson
Henderson
Henderson
Henderson
Hendersonville
Hendersonville
Henrico
Herkimer
Hermitage
Hialeah
Hibbing
Hickory
Hicksville
High Point
Highland
Highland
Highland Heights
Hilliard
Hillsboro
Hillsboro
Hillsborough
Hinesville
Hixson
Hobbs
Holland
Hollister
Holmdel
Homestead
Homewood
Honolulu
Hoover
Hope Mills
Hopkinsville
Hornell
Hot Springs
Houma
Houston
Howell
Howell
Huber Heights
Hudson
Hudson
Humble
Huntersville
Huntington Beach
Huntsville
Hurst
Hutchinson
Hutto
Independence
Indian Harbour Beach
Indian Trail
Indianapolis
Inverness
Inverness
Irvine
Irving
Issaquah
Ithaca
Jackson
Jackson
Jackson
Jackson
Jacksonville
Jacksonville
Jacksonville
Janesville
Jasper
Jefferson
Jefferson City
Jefferson City
Jensen Beach
Jersey City
Johnson City
Johnstown
Jonesboro
Jonesborough
Joplin
Kahului
Kailua-Kona
Kalamazoo
Kalispell
Kannapolis
Kansas City
Kansas City
Kathleen
Katy
Keizer
Keller
Kennesaw
Kennewick
Kenosha
Kent
Kent
Kentwood
Kernersville
Kerrville
Kill Devil Hills
Killeen
Kingsland
Kingsport
Kingston
Kingston
Kingsville
Kingwood
Kinston
Kirkland
Kirkwood
Kissimmee
Knightdale
Knoxville
Kokomo
Kyle
La Habra
La Plata
La Quinta
Lacey
Lady Lake
Lafayette
Lafayette
LaFollette
Lake Charles
Lake City
Lake Elsinore
Lake Havasu City
Lake in the Hills
Lake Jackson
Lake Park
Lake Saint Louis
Lake Wales
Lakeland
Lakewood
Lakewood
Lancaster
Lancaster
Lancaster
Lancaster
Langhorne
Lansdale
Lansing
Laredo
Largo
Las Cruces
Las Vegas
Latham
Latrobe
Laurel
Laurel
Lawnside
Lawrenceburg
Lawton
Layton
League City
Leander
Lebanon
Lebanon
Leeds
Lee's Summit
Leesburg
Leesburg
Leesville
Lehi
Lehighton
Lenoir
Leominster
Lewes
Lewisburg
Lewistown
Lewisville
Lexington
Lexington
Lexington
Lexington
Liberty
Lilburn
Lima
Lincoln
Lincoln
Lincolnton
Lincolnwood
Lindale
Lisbon
Lithonia
Little Elm
Littleton
Littleton
Live Oak
Livermore
Liverpool
Livingston
Lodi
Logan
Logan
Loganville
London
Long Beach
Longmont
Longview
Longview
Lorain
Los Angeles
Los Lunas
Louisville
Louisville
Loveland
Lowell
Lubbock
Ludington
Lufkin
Lumberton
Lumberton
Lutz
Lynchburg
Lynnwood
Macedon
Machesney Park
Macon
Madera
Madison
Madison
Madison
Madison
Madison Heights
Madison Heights
Madisonville
Manahawkin
Manassas
Manchester
Manchester Township
Manitowoc
Mankato
Mansfield
Mansfield
Mansfield
Maple Grove
Maple Shade
Maplewood
Marble Falls
Marianna
Marietta
Marietta
Marion
Marion
Marion
Marquette
Marrero
Martinsburg
Martinsville
Marysville
Mason
Massillon
Matamoras
Matthews
Mayodan
Maysville
McAlester
McAllen
McCandless Township
McComb
McDonough
McKinney
McMinnville
McMinnville
Mebane
Mechanicsburg
Mechanicsville
Medford
Medford
Melbourne
Memphis
Menifee
Mentor
Merced
Meridian
Meridian
Merrillville
Mesa
Mesquite
Metairie
Miami
Michigan City
Middleburg
Middletown
Middletown
Middletown
Midland
Midland
Midwest City
Milan
Milford
Milford
Milford
Mill Creek
Mill Hall
Milledgeville
Millington
Millsboro
Millville
Milwaukie
Minersville
Mira Loma
Mishawaka
Missoula
Missouri City
Moberly
Mobile
Mocksville
Modesto
Moline
Monaca
Monett
Monroe
Monroe
Monroe
Monroe
Monroeville
Montgomery
Montoursville
Moore
Mooresville
Mooresville
Morehead
Morehead City
Moreno Valley
Morganton
Morgantown
Morganville
Morristown
Moses Lake
Moultrie
Mount Airy
Mount Juliet
Mount Pleasant
Mount Pocono
Mount Sterling
Mount Vernon
Mount Vernon
Mount Vernon
Mt. Dora
Mt. Pleasant
Mt. Vernon
Muncie
Munhall
Murfreesboro
Murphy
Murphy
Murray
Murray
Muscle Shoals
Muskegon
Muskogee
Mustang
Myrtle Beach
Nacogdoches
Nampa
Nanuet
Naperville
Naples
Nashua
Nashville
Neosho
New Albany
New Bern
New Braunfels
New Carrollton
New Castle
New Castle
New Hartford
New Haven
New Hudson
New Iberia
New Lenox
New Orleans
New Philadelphia
New Port Richey
New York
Newark
Newberry
Newburgh
Newington
Newnan
Newport
Newport News
Newton
Nicholasville
Niles
Noblesville
Norcross
Norman
North Attleboro
North Augusta
North Bergen
North Canton
North Charleston
North Dartmouth
North East
North Las Vegas
North Little Rock
North Myrtle Beach
North Port
North Providence
North Smithfield
North Vernon
North Windham
Northbrook
Northfield
Northglenn
Northport
Northridge
Norwalk
Norwalk
Norwich
Oak Park Heights
Oakland
Oakland Park
Oaks
Ocala
Oceanside
Odessa
O'Fallon Township
Ogden
Ogdensburg
Oklahoma City
Olathe
Olive Branch
Olive Branch
Olympia
Omaha
Oneida
Oneonta
Ontario
Opelika
Opelousas
Orange Park
Orangeburg
Orangeburg
Orchard Park
Orem
Orland Park
Orlando
Ormond Beach
Osage Beach
Oshkosh
Oswego
Oviedo
Owasso
Owatonna
Owens Cross Roads
Owensboro
Oxford
Oxnard
Ozark
Pace
Pacoima
Paducah
Paintsville
Palatka
Palestine
Palm Bay
Palm Coast
Palm Desert
Palm Springs
Palmdale
Palmyra
Panama City
Papillion
Paragould
Paramus
Paris
Parker
Parkersburg
Parkville
Pasadena
Pascagoula
Pasco
Paso Robles
Paterson
Pearland
Pembroke
Pembroke Pines
Pensacola
Peoria
Peoria
Perrysburg
Petal
Petoskey
Pharr
Philadelphia
Philadelphia
Phillipsburg
Phoenix
Pico Rivera
Pikeville
Pinellas Park
Pineville
Piscataway
Pittsboro
Pittsburgh
Pittston
Plainfield
Plainville
Plainville
Plano
Plant City
Plattsburgh
Plover
Plymouth
Plymouth
Plymouth Meeting
Pocatello
Pocomoke City
Pompano Beach
Pooler
Port Arthur
Port Charlotte
Port Orange
Port Orchard
Portage
Portage
Porterville
Portland
Portland
Portsmouth
Potsdam
Pottstown
Pottsville
Poughkeepsie
Pounding Mill
Poway
Prattville
Prescott
Prince George
Princeton
Princeton
Prosper
Pueblo
Puyallup
Quakertown
Queensbury
Quincy
Quincy
Radford
Raleigh
Rancho Cordova
Rancho Cucamonga
Rancho Santa Margarita
Rapid City
Raymore
Raynham
Reading
Redding
Redlands
Redmond
Reidsville
Reno
Renton
Republic
Reynoldsburg
Richardson
Richmond
Richmond
Richmond
Ridgeland
Rincon
Rio Grande
Rio Rancho
Riverdale
Riverhead
Riverside
Riverton
Riverview
Roanoke
Roanoke Rapids
Rochester
Rochester
Rochester
Rochester Hills
Rock Hill
Rockford
Rockingham
Rockwall
Rocky Mount
Rocky Mount
Rocky River
Roeland Park
Rogers
Rome
Rome
Roseburg
Rosedale
Rosenberg
Roseville
Round Rock
Roxboro
Royal Palm Beach
Ruckersville
Russellville
Ruston
Saginaw
Saint Charles
Saint Clairsville
Saint George
Saint Paul
Saint Petersburg
Saint Robert
Salem
Salem
Salina
Salisbury
Salisbury
Salt Lake City
San Angelo
San Antonio
San Bruno
San Clemente
San Diego
San Dimas
San Francisco
San Jose
San Marcos
Sandusky
Sandy
Sandy Springs
Sanford
Sanford
Santa Clarita
Santa Fe
Santee
Sarasota
Saratoga Springs
Saugus
Savannah
Savannah
Sayre
Scarborough
Schenectady
Schererville
Schertz
Scottsdale
Seabrook
Seaford
Searcy
Seattle
Sebring
Sedalia
Seekonk
Selinsgrove
Seneca
Severn
Sevierville
Sewell
Shakopee
Shallotte
Shawnee
Shelby
Shelbyville
Shelbyville
Shepherdsville
Sherman
Shippensburg
Show Low
Shreveport
Sidney
Sierra Vista
Sikeston
Siloam Springs
Silverdale
Silverthorne
Simi Valley
Simpsonville
Sinking Spring
Sioux City
Sioux Falls
Slidell
Smithfield
Smyrna
Snellville
Somerset
Somerset
Sonora
South Bend
South Burlington
South Charleston
South Lebanon
South Point
South San Francisco
South Sanford
Southaven
Southern Pines
Southfield
Southgate
Southington
Southlake
Southport
Southwest Ranches
Sparks
Spartanburg
Spokane
Spokane Valley
Spring
Spring Hill
Spring Hill
Springdale
Springfield
Springfield
Springfield
Springfield
Springfield
Springville
St. Augustine
St. Charles
St. Joseph
St. Louis
Stafford
Starkville
State College
Staten Island
Statesboro
Statesville
Staunton
Sterling
Sterling Heights
Steubenville
Stillwater
Stillwater
Stockbridge
Stockton
Stony Brook
Stow
Streetsboro
Strongsville
Stuart
Suffolk
Sugar Land
Sullivan
Sulphur
Sulphur Springs
Summersville
Summerville
Sumter
Sunnyvale
Sunrise
Surprise
Suwanee
Sylva
Syracuse
Tacoma
Tahlequah
Tallahassee
Tampa
Tappahannock
Tarboro
Tarentum
Tarpon Springs
Temecula
Tempe
Temple
Terre Haute
Texarkana
Texas City
Thibodaux
Thomaston
Thomasville
Thomasville
Tiffin
Tifton
Tigard
Tilton
Timonium
Titusville
Toledo
Tomball
Toms River
Topeka
Torrance
Torrington
Traverse City
Trotwood
Troutman
Troy
Troy
Tucson
Tukwila
Tulare
Tullahoma
Tulsa
Tupelo
Turlock
Turnersville
Tuscaloosa
Tustin
Twin Falls
Tyler
Union
Union City
Union City
Uniontown
Upland
Upper Marlboro
Utica
Vacaville
Valdosta
Vallejo
Van Buren
Vancouver
Venice
Ventura
Vernon Hills
Vero Beach
Vestal
Victoria
Victorville
Vidalia
Vienna
Vincennes
Virginia Beach
Visalia
Vista
Voorhees Township
Waco
Wadsworth
Waipahu
Wake Forest
Waldorf
Wallingford
Wapakoneta
Ware
Wareham
Warner Robins
Warren
Warren
Warren
Warrensburg
Warrington
Warsaw
Warwick
Washington
Washington
Washington
Washington
Washington Court House
Wasilla
Waterford
Waterloo
Watertown
Wauwatosa
Waveland
Waxahachie
Waxhaw
Waycross
Waynesboro
Waynesboro
Waynesville
Weatherford
Weaverville
Webster
Webster
Wenatchee
Wentzville
Weslaco
West Bountiful
West Bridgewater
West Carrollton City
West Chester
West Columbia
West Des Moines
West Hazleton
West Hills
West Jefferson
West Jordan
West Mifflin
West Palm Beach
West Sacramento
West Valley City
Westborough
Westland
Westminster
Westminster
Wetumpka
Weymouth
Wheelersburg
Wheeling
White House
White Lake
Whitehall
Whiteville
Wichita
Wichita Falls
Wilkes Barre
Wilkesboro
Williamsburg
Williamsville
Willoughby
Willow Grove
Wilmington
Wilmington
Wilmington
Wilson
Winchester
Winchester
Windham Center
Winston-Salem
Winter Garden
Winter Haven
Winterville
Wise
Woburn
Wood Village
Woodbridge
Woodbridge
Woodhaven
Woodstock
Woodstock
Wooster
Worcester
Wytheville
Xenia
Yakima
Yonkers
York
York
Youngstown
Ypsilanti
Yuba City
Yukon
Yuma
Zanesville
Zephyrhills
Zionsville



Location Name
Select
Abbeville, LA
Abilene, TX
Abingdon, VA
Abington, MA
Acworth, GA
Adrian, MI
Aiken, SC
Alabaster, AL
Alachua, FL
Alamo Ranch, TX
Alamogordo, NM
Albany (Northway Mall), NY
Albany, GA
Albany, OR
Albemarle, NC
Alexandria, LA
Alexandria, VA
Aliso Viejo, CA
Allen Park, MI
Allen, TX
Alliance, OH
Alpharetta, GA
Altamonte Springs, FL
Alton, IL
Altoona, IA
Altoona, PA
Amarillo, TX
Americus, GA
Ames, IA
Amherst, NH
Amsterdam, NY
Anaheim, CA
Anchorage, AK
Anderson, IN
Anderson, SC
Ann Arbor, MI
Antioch, CA
Apache Junction, AZ
Apex, NC
Apopka, FL
Apple Valley, CA
Aransas Pass, TX
Ardmore, OK
Arlington Heights, IL
Arnold, MO
Arvada, CO
Asheboro, NC
Ashtabula, OH
Atascocita, TX
Athens, AL
Athens, GA
Athens, OH
Athens, TN
Atlanta-Edgewood, GA
Auburn, ME
Auburn, NY
Auburn, WA
Auburndale, FL
Augusta, GA
Augusta, ME
Aurora, CO
Austell, GA
Austin, TX
Avon, IN
Avon, OH
Avondale, PA
Ballwin, MO
Bangor, ME
Banner Elk, NC
Barboursville, WV
Bardstown, KY
Bartlesville, OK
Bartow, FL
Bastrop, TX
Batesville, MS
Battle Creek, MI
Bay Shore, NY
Baybrook, TX
Bayonne, NJ
Baytown, TX
Bear, DE
Beaufort, SC
Beaumont, TX
Beavercreek, OH
Beckley, WV
Bedford Heights, OH
Bedford, IN
Bedford, NH
Bedford, VA
Bee Cave, TX
Beech Grove, IN
Belle Vernon, PA
Bellefontaine, OH
Belleville, IL
Bellevue, WA
Bellingham, WA
Belmont, NC
Bend, OR
Benton Harbor, MI
Bessemer, AL
Bethel Park, PA
Bethlehem, PA
Big Flats, NY
Big Rapids, MI
Billings, MT
Binghamton, NY
Bismarck, ND
Blaine, MN
Bloomfield Township, MI
Bloomfield, CT
Bloomington, IL
Bloomington, IN
Bloomsburg, PA
Blount County, TN
Bluefield, VA
Bluffton, IN
Bluffton, SC
Blytheville, AR
Boardman, OH
Boiling Springs, SC
Boise, ID
Bolingbrook, IL
Bonney Lake, WA
Boone, NC
Bossier City, LA
Bowie, MD
Bowling Green, KY
Boynton Beach, FL
Bozeman, MT
Bradenton, FL
Brandon, FL
Bremerton, WA
Brenham, TX
Brevard, NC
Brewer, ME
Brick Township, NJ
Bridgeton, MO
Brighton, CO
Brimfield Township, OH
Bristol, TN
Bristol, VA
Brockport, NY
Brockton, MA
Broken Arrow, OK
Brookings, SD
Brooklyn, NY
Brooklyn, NY - Kings Plaza
Brooklyn, OH
Brooksville, FL
Brownsburg, IN
Brownsville, TX
Brunswick, GA
Brunswick, ME
Bryan, TX
Bryant, AR
Buchanan, WI
Buckeye, AZ
Buckhannon, WV
Buford, GA
Bunker Hill, TX
Burbank, CA
Burleson, TX
Burlington, IA
Burlington, NC
Burlington, OH
Burton, MI
Butler, NJ
Butler, PA
C. Henderson, NV
C. Indianapolis, IN
C. Las Vegas, NV
C. Tucson, AZ
Camden County, GA
Camden, DE
Camden, SC
Camillus, NY
Camp Creek, GA
Campbellsville, KY
Canandaigua, NY
Canton, GA
Canton, MI
Canton, OH
Cape Carteret, NC
Cape Coral, FL
Cape Girardeau, MO
Cape May, NJ
Carbondale, IL
Carefree, AZ
Carlisle, PA
Carlsbad, CA
Carmel, IN
Carol Stream, IL
Carrollton, GA
Carrollton, TX
Carson City, NV
Cartersville, GA
Carthage, MO
Cary, NC
Casa Grande, AZ
Castle Rock, CO
Catonsville, MD
Catskill, NY
Cedar Rapids, IA
Central Albuquerque, NM
Central Austin, TX
Central Bradenton, FL
Central Charlotte, NC
Central Colorado Springs, CO
Central Columbus, OH
Central Dallas, TX
Central Long Beach, CA
Central Louisville, KY
Central New Orleans, LA
Central Oklahoma City, OK
Central Omaha, NE
Central Richmond, VA
Central Tampa, FL
Central Ventura, CA
Central, SC
Chambersburg, PA
Chamblee, GA
Champaign, IL
Chantilly, VA
Chapel Hill, NC
Charles County, MD
Charlotte - Northlake Mall, NC
Charlottesville, VA
Chelsea, NY
Chester, NY
Chester, VA
Chesterfield, MO
Cheyenne, WY
Cheyenne, WY RDC
Chicago - Wicker Park, IL
Chicago (83Rd & Stewart), IL
Chicago, IL
Chicago-Brickyard, IL
Chico, CA
Chillicothe, MO
Chillicothe, OH
Chino Hills, CA
Christiansburg, VA
Cicero, NY
Cinco Ranch, TX
Citrus Heights, CA
Clackamas County, OR
Claremore, OK
Clarksburg, WV
Clarkstown, NY
Clarksville, IN
Clarksville, TN
Clay, NY
Claypool Hill, VA
Clayton, NC
Clearfield, PA
Clearwater, FL
Cleburne, TX
Clermont, FL
Cleveland, TN
Clinton Township, MI
Clinton, MD
Clinton, NC
Clinton, UT
Clovis, CA
Coeur D'Alene, ID
College Station, TX
Collierville, TN
Colonie, NY
Colorado Springs, CO
Columbia, MD
Columbia, MO
Columbia, SC
Columbia, TN
Columbus, IN
Columbus, MS
Commack, NY
Commerce Township, MI
Concord, CA
Concord, NC
Concord, NH
Conroe, TX
Conway, AR
Conway, SC
Cookeville, TN
Coon Rapids, MN
COPPERFIELD, TX
Coral Springs, FL
Coralville, IA
Corbin, KY
Corinth, MS
Cornelia, GA
Corona, CA
Cortlandville, NY
Cotati, CA
Covina, CA
Covington, LA
CPO Location-Wilkesboro
Cranberry Township, PA
Cranston, RI
Crestview, FL
Cromwell, CT
Crossville, TN
Crowley, LA
CSC-Kirkland
CSC-Mooresville
CSC-Wilkesboro
Cullman, AL
Culpeper, VA
Cumming, GA
Cypress, TX
Dale City, VA
Dalton, GA
Danbury, CT
Danvers, MA
Danville, IL
Danville, KY
Danville, VA
Daphne, AL
Data Ctr - San Antonio TX
Davenport, IA
Dayton Mall, OH
Dayton, TN
Dayton-Trotwood, OH
De Kalb, IL
Decatur, AL
Decatur, IL
Decatur, TX
Dedham, MA
Defiance, OH
Delavan, WI
Delran, NJ
Deltona, FL
Denton, TX
Denver, CO Flatbed D C
Deptford Township, NJ
Derby, CT
Derby, KS
Destin, FL
Dickson, TN
Dothan, AL
Douglas, GA
Douglasville, GA
Dover, DE
Dublin, CA
Dublin, OH
Dubois, PA
Dubuque, IA
Durant, OK
Dyersburg, TN
E Lancaster, PA
E San Jose, CA
E. Albuquerque, NM
E. Amherst, NY
E. Asheville, NC
E. Athens, GA
E. Aurora, CO
E. Bartlett, TN
E. Baton Rouge, LA
E. Brandon, FL
E. Brunswick, NJ
E. Caln Township, PA
E. Chandler, AZ
E. Charleston, WV
E. Charlotte, NC
E. Colorado Springs, CO
E. Columbus, OH
E. El Paso, TX
E. Ellijay, GA
E. Evansville, IN
E. Fort Worth, TX
E. Ft. Wayne, IN
E. Gilbert, AZ
E. Indianapolis, IN
E. Jacksonville, FL
E. Knoxville, TN
E. Lincoln County, NC
E. Louisville, KY
E. Mesa, AZ
E. New Orleans, LA
E. Ocala, FL
E. Paducah, KY
E. Palmdale, CA
E. Peoria, IL
E. Richmond, VA
E. Roanoke, VA
E. Rutherford, NJ
E. Santa Clarita, CA
E. Spartanburg, SC
E. Spokane Valley, WA
E. Springfield, MA
E. Stockton, CA
E. Tucson, AZ
E. Vancouver, WA
E. Virginia Beach, VA
E. Wichita, KS
Eagle Pass, TX
Easley, SC
East Kansas City
East Lexington, KY
East Plano, TX
East Sparks, NV
Easton, MD
Easton, PA
Eatontown, NJ
Edinburg, TX
Edmond, OK
Edwardsville, PA
Egg Harbor Township, NJ
Elizabeth City, NC
Elizabethton, TN
Elizabethtown, KY
Elk Grove, CA
Elkhart, IN
Elkin, NC
Elyria, OH
Enid, OK
Enterprise, AL
Epping, NH
Erie, PA
Erwin, NC
Escondido, CA
Espanola, NM
Essex, VT
Estero, FL
Euless, TX
Evans, GA
Everett, WA
Exeter Township, PA
Fairbanks, AK
Fairfax, VA
Fairfield, CA
Fairlawn, OH
Fairview Heights, IL
Fargo, ND
Farmingdale, NY
Farmington, MO
Farmington, NM
Farmville, VA
Fayetteville, AR
Fayetteville, GA
Fayetteville, NC
Fayetteville, WV
Federal Way, WA
Fenton, MO
Fern Park, FL
Fernandina Beach, FL
Fernley, NV
Festus, MO
Findlay, OH
Flemington, NJ
Flint, MI
Florence, AL
Florence, KY
Florence, SC
Florissant, MO
Flower Mound, TX
Flowood, MS
Fltbd Distribution Center 1464
Foley, AL
Folsom, CA
Forest City, NC
Forney, TX
Fort Collins, CO
Fort Mill, SC
Fountain, CO
Framingham, MA
Frankfort, KY
Franklin Square, NC
Franklin, IN
Franklin, KY
Franklin, NC
Franklin, TN
Franklin, VA
Franklin, WI
Frederick, MD
Fredericksburg, VA
Fremont, CA
Fremont, OH
Frenchtown Township, MI
Fresno, CA
Frisco, TX
Front Royal, VA
Ft Walton Beach, FL
Ft. Gratiot, MI
Ft. Myers, FL
Ft. Oglethorpe, GA
Ft. Smith, AR
Fultondale, AL
Gadsden, AL
Gaffney, SC
Gainesville, FL
Gainesville, GA
Gainesville, VA
Gaithersburg, MD
Galesburg, IL
Gallatin, TN
Garden City, NY
Garland, TX
Garner, NC
Gautier, MS
Gaylord, MI
Georgetown, KY
Germantown Parkway, TN
Gilbert, AZ
Gilford, NH
Gilroy, CA
Gladstone, MO
Glasgow, KY
Glen Burnie, MD
Glen Carbon, IL
Glendale, AZ
Glenmont, NY
Glens Falls, NY
Glenville, NY
Glenwood Springs, CO
Gloucester, VA
Goldsboro, NC
Gonzales, LA
Goodyear, AZ
Goose Creek, SC
Goshen, IN
Granbury, TX
Grand Forks, ND
Grand Junction, CO
Grand Ledge, MI Flatbed Dist
Grandville, MI
Granite City, IL
Graysville, AL
Greece, NY
Greeley, CO
Green, OH
Greenland, NH
Greenport, NY
Greensburg, PA
Greenville, MS
Greenville, NC
Greenville, OH
Greenville, SC
Greenville, TX
Greenwood Village, CO
Greenwood, SC
Greer, SC
Griffin, GA
Grove, OK
Gulf Breeze, FL
Gulfport, MS
Gun Barrel City, TX
Guntersville, AL
Gurnee, IL
Hackettstown, NJ
Hadley, MA
Hagerstown RDC
Hagerstown, MD
Haines City, FL
Halfmoon, NY
Hamburg, NY
Hamburg, PA
Hamilton, NJ
Hamilton, OH
Hammond, LA
Hampton Township, NJ
Hampton, VA
Hanford, CA
Hannibal, MO
Hanover, PA
Happy Valley, AZ
Harlingen, TX
Harper Woods, MI
Harriman, TN
Harrisburg, PA
Harrisonburg, VA
Hartselle, AL
Hartsville, SC
Harvey, LA
Hatfield, PA
Hattiesburg, MS
Havertown, PA
Hawthorne, CA
Hazleton, PA
Heath, OH
Helena, MT
Hemet, CA
Henderson, KY
Henderson, NC
Henderson, NV
Henderson, TX
Hendersonville, NC
Hendersonville, TN
Henrietta, NY
Herkimer, NY
Hermitage, TN
Hialeah, FL
Hibbing, MN
Hickory, NC
Hicksville, NY
Highland Heights, KY
Highland, CA
Hillsboro, OH
Hillsboro, OR
Hillsborough, NJ
Hinesville, GA
Hobbs, NM
Holland, MI
Hollister, MO
Holmdel, NJ
Homestead, FL
Homestead, PA
Homewood, AL
Hoover, AL
Hope Mills, NC
Hopkinsville, KY
Hornell, NY
Hot Springs, AR
Houma, LA
Howell, MI
Howell, Nj
Huber Heights, OH
Hudson, MA
Huntersville, NC
Huntington Beach, CA
Huntsville, AL
Hurst, TX
Hutchinson, KS
Hutto, TX
Independence, MO
Indian Harbour Beach, FL
Indian Land, SC
Indian Trail, NC
Inverness, AL
Inverness, FL
Irmo, SC
Irvine, CA
Irving, TX
Issaquah, WA
Ithaca, NY
Iwilei - Honolulu, HI
Jackson, MI
Jackson, MS
Jackson, TN
Jacksonville, AR
Jacksonville, NC
James Island, SC
Janesville, WI Millwork
Jasper, TX
Jefferson City, MO
Jefferson City, TN
Jefferson Highway, LA
Jensen Beach, FL
Jersey City, NJ
John's Creek, GA
Johnson City, TN
Johnstown, PA
Jonesboro, AR
Jonesborough, TN
Joplin, MO
Jordan Creek, IA
Kahului, HI
Kalamazoo, MI
Kalispell, MT
Kankakee, IL
Kansas City, KS
Kathleen, GA
Katy, TX
Keizer, OR
Keller, TX
Kendall, FL
Kennewick, WA
Kenosha, WI
Kent, WA
Kentwood, MI
Kernersville, NC
Kerrville, TX
Kill Devil Hills, NC
Killeen, TX
Killingly, CT
Kingsport, TN
Kingston, MA
Kingsville, TX
Kingwood, TX
Kinston, NC
Kirkwood, MO
Knightdale, NC
Kokomo, IN
Kona, HI
Kyle, TX
La Follette, TN
La HAbra, CA
La Plata, MD
La Quinta, CA
Lacamas Lake, WA
Lady Lake, FL
Lafayette, IN
Lafayette, LA
Lake Charles, LA
Lake City, FL
Lake County, FL
Lake Elsinore, CA
Lake Havasu City, AZ
Lake In The Hills, IL
Lake Jackson, TX
Lake Park, FL
Lake St. Louis, MO
Lake Wales, FL
Lake Worth, TX
Lakeland, FL
Lakewood, CO
Lakewood, WA
Lancaster, CA
Lancaster, OH
Laredo, TX
Largo, FL
Largo, MD
Las Cruces, NM
Las Vegas, NV
Latrobe, PA
Laurel, MD
Laurel, MS
Lawnside, NJ
Lawrenceburg, IN
Lawton, OK
Layton, UT
League City, TX
Leander, TX
Lebanon, PA
Lebanon, TN
Leebsurg, VA
Leeds, AL
Lee's Summit, MO
Leesville, LA
Lehi, UT
Lehighton, PA
Lenoir, NC
Leominster, MA
Lewisburg, WV
Lewistown, PA
Lewisville, TX
Lexington, NC
Lexington, SC
Lexington, VA
Liberty, MO
Lima, OH
Lincolnton, NC
Lincolnwood, IL
Lindale, TX
Lisbon, CT
Little Elm, TX
Littleton, CO
Littleton, NH
Live Oak, FL
Livermore, CA
Livingston, TX
Lloyd, NY
Lock Haven, PA
Lodi, CA
Logan, UT
Logan, WV
Loganville, GA
London, KY
Longmont, CO
Longview, TX
Longview, WA
Lorain, OH
Los Lunas, NM
Louisville, CO
Loveland, CO
Lowell, MA
Lowe's Central NC RDC
Lowes CSC Indianapolis
Lowe's Franklin County RDC
Lowe's Illinois RDC
Lowe's Indiana RDC
Lowe's of  Land O' Lakes, FL
Lowe's of Brookhaven, PA
Lowe's of Norwalk, Ct
Lowe's Ohio RDC
Lowe's Region 14 Office
Lowe's Region III Office, GA
Lowe's Rome, GA RDC 1457
Lubbock, TX
Ludington, MI
Lufkin, TX
Lumberton, NC
Lynchburg, VA
Lynnwood, WA
Lyon Township, MI
Macedon, NY
Macedonia, OH
Machesney Park, IL
Madera, CA
Madison Heights, MI
Madison Heights, VA
Madison, AL
Madison, GA
Madison, IN
Madison, TN
Madisonville, KY
Manahawkin, NJ
Manchester Township, NJ
Manchester, CT
Manitowoc, WI
Mankato, MN
Mansfield, PA
Mansfield, TX
Mantua Township, NJ
Maple Grove, MN
Maple Shade, NJ
Maplewood, MO
Marana, AZ
Marble Falls, TX
Marianna, FL
Marietta, OH
Marion, IN
Marion, NC
Marion, OH
Marlboro, NJ
Marquette, MI
Marrero, LA
Martell, CA
Martinsburg, WV
Martinsville, VA
Marysville, OH
Mason, OH
Massillon, OH
Matamoras, PA
Mayodan, NC
Maysville, KY
Mcalester, OK
McCandless Township, PA
Mccomb, MS
McDonough, GA
McKinney, TX
McMinnville, OR
McMinnville, TN
Mebane, NC
Mechanicsburg, PA
Mechanicsville, VA
Medford, NY
Medford, OR
Melbourne, FL
Memphis, TN
Menifee, CA
Mentor, OH
Merced, CA
Meridian, ID
Meridian, MS
Merrillville, IN
Mesquite, TX
Metairie, LA
Meyerland, TX
Michigan City, IN
Mid-City Los Angeles, CA
Middleburg, FL
Middletown Township, PA
Middletown, DE
Middletown, NY
Middletown, OH
Midland, MI
Midland, TX
Midlothian, VA
Midwest City, OK
Milan, TN
Milford, CT
Milford, MA
Milford-Miami Township, OH
Mill Creek, WA
Milledgeville, GA
Millington, TN
Millsboro, DE
Millville, NJ
Milton, FL
Mira Loma, CA
Mishawaka, IN
Mission Valley, CA
Missoula, MT
Missouri City, TX
Moberly, MO
Mobile, AL
Mocksville, NC
Modesto, CA
Moline, IL
Monaca, PA
Monett, MO
Monroe, LA
Monroe, NC
Monroe, WA
Monroeville, PA
Montgomeryville, PA
Montoursville, PA
Moore, OK
Mooresville, IN
Mooresville, NC
Morehead City, NC
Morehead, KY
Moreno Valley, CA
Morganton, NC
Morgantown, PA
Morgantown, WV
Morristown, TN
Moses Lake, WA
Moultrie, GA
Mount Vernon, WA
Mt Juliet, TN
Mt. Airy, NC
Mt. Dora, FL
Mt. Holly, NJ
Mt. Olive, NJ
Mt. Pleasant, SC
Mt. Pleasant, TX
Mt. Pocono, PA
Mt. Sterling, KY
Mt. Vernon, Il
Mt. Vernon, OH
Muncie, IN
Murfreesboro, TN
Murphy, NC
Murphy, TX
Murray, KY
Murray, UT
Muscle Shoals, AL
Muskegon, MI
Muskogee, OK
Mustang, OK
Myrtle Beach, SC
N Nashville, TN
N Providence, RI
N Smithfield, RI
N W Wichita, KS
N York County, SC
N. Abilene, TX
N. Alpharetta, GA
N. Anniston, AL
N. Augusta, SC
N. Baton Rouge, LA
N. Bentonville, AR
N. Cary, NC
N. Central Houston, TX
N. Chattanooga, TN
N. Chesterfield, MI
N. Columbus, GA
N. Columbus, OH
N. Concord, NC
N. Conway, NH
N. Dartmouth, MA
N. Dothan, AL
N. Durham, NC
N. E. Dallas, TX
N. E. Sarasota, FL
N. El Paso, TX
N. Fayetteville, NC
N. Fontana, CA
N. Frederick, MD
N. Ft Wayne, IN
N. Hagerstown, MD
N. Hickory, NC
N. Jacksonville, FL
N. Kansas City, MO
N. Kissimmee, FL
N. Lakeland, FL
N. Lakewood, CO
N. Las Vegas, NV
N. Lincoln, CA
N. Little Rock, AR
N. Manassas, VA
N. McAllen, TX
N. Oklahoma City, OK
N. Peoria, AZ
N. Phoenix, AZ
N. Raleigh, NC
N. Richland County, SC
N. Richmond, VA
N. Roseville, CA
N. San Antonio, TX
N. Seattle, WA
N. Spokane
N. Springfield, IL
N. Springfield, MO
N. Stockton, CA
N. Toledo, OH
N. Visalia, CA
N. W. Amarillo, TX
N. Wilmington, DE
N. Winchester, VA
N. Windham,  ME
N.E. Albuquerque, NM
N.E. Anchorage, AK
N.E. Austin, TX
N.E. Bakersfield, CA
N.E. Central San Antonio, TX
N.E. Columbia, SC
N.E. Columbus, OH
N.E. Ft. Myers, FL
N.E. Grand Rapids, MI
N.E. Greensboro, NC
N.E. Indianapolis, IN
N.E. Jacksonville, FL
N.E. Long Beach, CA
N.E. Louisville, KY
N.E. Philadelphia, PA
N.E. Pittsburgh, PA
N.E. San Antonio, TX
N.W. Albuquerque, NM
N.W. Austin, TX
N.W. Central San Antonio, TX
N.W. Cincinnati, OH
N.W. Greenville, SC
N.W. Houston, TX
N.W. Las Vegas, NV
N.W. Macon, GA
N.W. Miami/Dade, FL
N.W. Omaha, NE
N.W. San Antonio, TX
N.W. Staten Island, NY
N.W. Tallahassee, FL
Nacogdoches, TX
Nampa, ID
Naperville, IL
Naples, FL
Nashville, TN
Neosho, MO
New Albany, MS
New Bern, NC
New Braunfels, TX
New Carrollton, MD
New Hartford, NY
New Haven, CT
New Iberia, LA
New Lenox, IL
New Philadelphia, OH
Newark, DE
Newberry, SC
Newburgh, NY
Newington, CT
Newnan, GA
Newport News, VA
Newport, TN
Nicholasville, KY
Niles, MI
Nitro, WV
Noblesville, IN
Norcross, GA
Norman, OK
North Attleboro, MA
North Bergen, NJ
North Charleston, SC
North Charlotte, NC
North Dallas, TX
North East, MD
North Edmond, OK
North Greensboro, NC
North High Point, NC
North Myrtle Beach, SC
North Port , AL
North Port, FL
North Winston, NC
Northbrook, IL
Northglenn, CO
Northridge, CA
Norwalk, CA
Norwich, NY
Norwood, OH
NW Charleston, SC
Nw Indianapolis, IN
Oak Grove Village, MO
Oak Park Heights, MN
Oakland Park, FL
Oakland, MD
Oaks, PA
Ocala, FL
Oceanside, CA
Ocotillo, AZ
Odessa, TX
O'Fallon, MO
Ogden, UT
Ogdensburg, NY
Olathe, KS
Oldsmar, FL
Olive Branch, MS
Olympia, WA
Oneida, NY
Oneonta, NY
Ontario, CA
Ontario, OH
Opelika, AL
Opelousas, LA
Orange Park, FL
Orangeburg, NY
Orangeburg, SC
Orchard Park, NY
Orem, UT
Orland Park, IL
Ormond Beach, FL
Osage Beach, MO
Oshkosh, WI
Oswego, NY
Oviedo, FL
Owasso, OK
Owatonna, MN
Owensboro, KY
Oxford, AL
Oxnard, CA
Ozark, MO
Pacoima, CA
Paducah, KY
Paintsville, KY
Palatka, FL
Palestine, TX
Palm Bay, FL
Palm Coast, FL
Palm Desert, CA
Palm Springs, CA
Palmdale, CA
Palmyra, PA
Panama City, FL
Papillion, NE
Paragould, AR
Paramus, NJ
Paris, TN
Parker, CO
Parkville, MD
Pasadena, TX
Pascagoula, MS
Pasco, WA
Paso Robles, CA
Patchogue, NY
Paterson, NJ
Pearland, TX
Pembroke Pines, FL
Pembroke, MA
Pennsylvania RDC
Pensacola, FL
Peoria, AZ
Peoria, IL
Perrysburg, OH
Petal, MS
Petoskey, MI
Pharr, TX
Philadelphia, MS
Philadelphia, PA - Aramingo Av
Phillipsburg, NJ
Pico Rivera, CA
Pikeville, KY
Pinellas Park, FL
Pineville, LA
Pineville, NC
Piscataway, NJ
Pittsboro, NC
Pittston, PA RDC
Plainfield, Connecticut RDC
Plainville, CT
Plainville, MA
Plant City, FL
Plattsburgh, NY
Plover, WI
Plymouth Meeting, PA
Plymouth, IN
Plymouth, MN
Pocatello, ID
Pocomoke City, MD
Poinciana, FL
Poinciana, FL RDC
Pompano Beach, FL
Pooler, GA
Port Arthur, TX
Port Charlotte, FL
Port Orange, FL
Port Orchard, WA
Port Richey, FL
Portage, IN
Portage, MI
Porterville, CA
Portland, ME
Portland-Delta Park,  OR
Portland-Delta Park, OR
Portsmouth, VA
Potsdam, NY
Pottstown, PA
Pottsville, PA
Poughkeepsie, NY
Poway, CA
Prattville, AL
Prescott, AZ
Prince George, VA
Princeton, WV
Prosper, TX
Pueblo, CO
Puente Hills, CA
Puyallup, WA
Quakertown, PA
Quincy, IL
Quincy, MA
Radford, VA
Rainier, WA
Rancho Cordova, CA
Rancho Cucamonga, CA
Rancho Santa Margarita, CA
Rapid City, Sd
Raymore, MO
Raynham, MA
Reading, PA
Redding, CA
Redlands, CA
Redmond, OR
Reidsville, NC
Reno, NV
Renton, WA
Republic, MO
Reynoldsburg, OH
Richardson, TX
Richland Township, PA
Richmond, IN
Richmond, KY
Ridgeland, MS
Rincon, GA
Rio Rancho, NM
Riverdale, UT
Riverhead-South, NY
Riverside, CA
Riverton, UT
Riverview, FL
Roanoke Rapids, NC
Roanoke, VA
Robinson Township, PA
Rochester Hills, MI
Rochester, MN
Rochester, NH
Rock Hill, SC
Rockford, IL
Rockingham, NC
Rockwall, TX
Rocky Mount, NC
Rocky Mount, VA
Rocky River, OH
Roeland Park, KS
Rogers, AR
Rome, GA
Rome, NY
Roseburg, OR
Rosedale, NY
Rosenberg, TX
Round Rock, TX
Roxboro, NC
Royal Oaks, TX
Royal Palm Beach, FL
Ruckersville, VA
Russell, KY
Russellville, AR
Ruston, LA
S Durham, NC
S Lebanon, OH
S San Jose, CA
S. Anchorage, AK
S. Anderson, SC
S. Antioch, CA
S. Arlington, TX
S. Asheville, NC
S. Bakersfield, CA
S. Baton Rouge, LA
S. Bel Air, MD
S. Burlington, VT
S. Central Jacksonville, FL
S. Charleston, WV
S. Charlotte, NC
S. Chino Hills, CA
S. Clarksville, TN
S. Clearwater, FL
S. Clinton Township, MI
S. Columbus, OH
S. Dekalb-Lithonia, GA
S. Fayetteville, AR
S. Florence, SC
S. Ft. Worth, TX
S. Indianapolis, IN
S. Jackson, TN
S. Jacksonville, FL
S. Jacksonville, NC
S. Kansas City, MO
S. Knoxville, TN
S. Lacey, WA
S. Lansing, MI
S. Lexington, KY
S. Lincoln, NE
S. Louisville, KY
S. McKinney, TX
S. Meridian, ID
S. Montgomery, AL
S. Morgantown, WV
S. Myrtle Beach, SC
S. Naples, FL
S. Nashua, NH
S. Oklahoma City, OK
S. Orlando, FL
S. Parkersburg, WV
S. Philadelphia, PA
S. Phoenix, AZ
S. Pueblo, CO
S. Reading, PA
S. Roanoke, VA
S. San Antonio, TX
S. San Francisco, CA
S. Scottsdale, AZ
S. St. Louis, MO
S. Stafford, VA
S. Staten Island, NY
S. Tampa, FL
S. Tulsa, OK
S. W. Concord, NC
S. W. Orlando, FL
S. Wilmington, NC
S. Winston-Salem, NC
S.E. Aurora, CO
S.E. Austin, TX
S.E. Charlotte, NC
S.E. Cincinnati, OH
S.E. Columbia, SC
S.E. Columbus, OH
S.E. Greensboro, NC
S.E. Houston, TX
S.E. Lexington County, SC
S.E. Memphis, TN
S.W. Augusta, GA
S.W. Charlotte, NC
S.W. Columbus, OH
S.W. Dallas, TX
S.W. Greensboro, NC
S.W. Louisville, KY
S.W. Marion County, FL
S.W. Mobile, AL
S.W. Omaha, NE
S.W. Pensacola, FL
S.W. Toledo, OH
S.W. Tucson, AZ
Saginaw, MI
Salem, NH
Salem, OR
Salina, KS
Salisbury, MD
Salisbury, NC
Salt Lake City, UT
San Angelo, TX
San Antonio, TX
San Bruno, CA
San Clemente, CA
San Dimas, CA
San Francisco, CA
San Jose, CA
San Marcos, TX
Sandusky, OH
Sandy Springs, GA
Sandy, UT
Sanford, FL
Sanford, NC
Sanford,ME
Santa Clarita, CA
Santa Fe, NM
Santee, CA
Saratoga Springs, NY
Saugus, MA
Savannah, TN
Sayre, PA
Scarborough, ME
Schenectady, NY
Schererville, IN
Schertz, TX
Scio Township, MI
Scott Township, PA
Scottsdale, AZ
Scranton, PA
SE Huntsville, AL
SE San Antonio, TX
SE Shreveport, LA
Seabrook, NH
Seaford, DE
Searcy, AR
Sebring, FL
Sedalia, MO
Seekonk, MA
Seneca, SC
Severn, MD
Sevierville, TN
Shakopee, MN
Shallotte, NC
Shawnee, KS
Shelby, NC
Shelbyville, KY
Shelbyville, TN
Shepherdsville, KY
Sherman, TX
Shippensburg, PA
Short Pump, VA
Show Low, AZ
Shreveport, LA
Sidney, OH
Sierra Vista, AZ
Sikeston, MO
Siloam Springs, AR
Silverdale, WA
Silverthorne, CO
Simi Valley, CA
Simpsonville, SC
Sioux City, IA
Sioux Falls, SD
Slidell, LA
Smithfield, NC
Smokey Point, WA
Smyrna, TN
Snellville, GA
Somerset, KY
Somerset, PA
Sonora, CA
South Bend, IN
South Richmond, VA
South Savannah, GA
Southaven, MS
Southern Pines, NC
Southfield, MI
Southgate, MI
Southington, CT
Southlake, TX
Southport, NC
Spartanburg, SC
Spokane Valley, WA
Spotsylvania County, VA
Spring Hill, FL
Spring Hill, TN
Spring, TX
Springdale, AR
Springdale, OH
Springfield, IL
Springfield, MO
Springfield, OH
Springfield, TN
Springville, NY
St. Augustine, FL
St. Charles, IL
St. Charles, MO
St. Clairsville, OH
St. George, UT
St. Joseph, MO
St. Joseph, Mo Flatbed D C
St. Mary's County, MD
St. Petersburg, FL
St. Robert, MO
Stafford, VA
Starkville, MS
State College, PA
Statesboro, GA
Statesville, NC
Staunton, VA
Sterling Heights, MI
Sterling, VA
Steubenville, OH
Stillwater, OK
Stockbridge, GA
Stone Mountain, GA
Stony Brook, NY
Stow, OH
Streetsboro, OH
Strongsville, OH
Stroudsburg, PA
Stuart, FL
Suffolk, VA
Sugar Land, TX
Sulphur Springs, TX
Sulphur, LA
Summerlin, NV
Summersville, WV
Summerville, SC
Sumter, SC
Sunbury, PA
Sunnyvale, CA
Sunrise, FL
Sunrise, NV
Surf City, NC
Surprise, AZ
Sussex County, DE
Suwanee, GA
SW Sarasota, FL
Sylva, NC
Sylvania Township,  OH
Syracuse, NY
Tacoma, WA
Tahlequah, OK
Tampa Palms, FL
Tampa, FL
Tappahannock, VA
Tarboro, NC
Tarpon Springs, FL
Temecula, CA
Tempe, AZ
Temple, TX
Terre Haute, IN
Texarkana, TX
Texas City, TX
Thibodaux, LA
Thomaston, ME
Thomasville Forest Products
Thomasville Millwork Division
Thomasville, GA
Tiffin, OH
Tifton, GA
Tigard, OR
Tilton, NH
Timonium, MD
Titusville, FL
TN Millwork Pre-Finish DC
Tomball, TX
Toms River, NJ
Topeka, KS
Torrance, CA
Torrington, CT
Traverse City, MI
Troutman, NC
Troy, AL
Troy, OH
Trumbull County, OH
Trussville, AL
Tukwila, WA
Tulare, CA
Tullahoma, TN
Tulsa-Midtown, OK
Tupelo, MS
Turlock, CA
Turnersville, NJ
Tuscaloosa, AL
Tustin, CA
Twin Falls, ID
Tyler, TX
Ulster, NY
Union City, CA
Union City, TN
Union Township, PA
Union, NJ
Uniontown, PA
University Centre, NC
Upland, CA
Upper Moreland, PA
Upper West Side, NY
Utica, NY
Vacaville, CA
Valdosta, GA
Valdosta, GA RDC
Vallejo, CA
Van Buren, AR
Venice, FL
Vernon Hills, IL
Vero Beach, FL
Vestal, NY
Victoria, TX
Victorville, CA
Vidalia, GA
Vincennes, IN
Virginia Beach, VA
Visalia, CA
Vista, CA
Voorhees, NJ
W Eugene, OR
W. Amherst, NY
W. Asheville, NC
W. Ashley, SC
W. Boca Raton, FL
W. Bountiful, UT
W. Cape Coral, FL
W. Chandler, AZ
W. Chesapeake, VA
W. Chesterfield, VA
W. Dallas, TX
W. Davie, FL
W. Des Moines, IA
W. El Paso, TX
W. Erie, PA
W. Evansville, IN
W. Fayetteville, NC
W. Ft. Wayne, IN
W. Henderson, NV
W. Indianapolis, IN
W. Jacksonville, FL
W. Jefferson, NC
W. Jordan, UT
W. Lancaster, PA
W. Lansing, MI
W. Marietta, GA
W. Mobile, AL
W. Nashville, TN
W. Orlando, FL
W. Palm Beach, FL
W. Philadelphia, PA
W. Phoenix, AZ
W. Raleigh, NC
W. Sacramento, CA
W. San Antonio, TX
W. Spring Valley, NV
W. Spring, TX
W. Summerlin, NV
W. Torrance, CA
W. Tulsa, OK
W. Wichita, KS
W. Windsor, NJ
W. York, PA
Waco, TX
Wadsworth, OH
Waipahu, HI
Wake Forest, NC
Wallingford, CT
Wapakoneta, OH
Ware, MA
Wareham, MA
Warner Robins, GA
Warren, MI
Warren, PA
Warrensburg, MO
Warrington, PA
Warsaw, IN
Warwick, RI
Washington Crt Hse Reload, OH
Washington, DC
Washington, MO
Washington, NC
Washington, PA
Wasilla, AK
Waterford Lake, FL
Waterford, CT
Waterloo, IA
Waterloo, NY
Watertown, NY
Wauwatosa, WI
Waveland, MS
Waxahachie, TX
Waxhaw, NC
Waycross, GA
Waynesboro, PA
Waynesboro, VA
Waynesville, NC
Weatherford, TX
Weaverville, NC
Webster, NY
Wenatchee, WA
Wentzville, MO
Weslaco, TX
West Bridgewater, MA
West Chester, OH
West Columbia, SC
West Columbus, OH
West Hills, CA
West Kingsport, TN
West Knoxville, TN
West Mifflin, PA
West Plano, TX
West Richmond, VA
West St. Paul, MN
West Valley City, UT
Westborough, MA
Western Contact Center
Western Hills, OH
Westland, MI
Westminster, CO
Westminster, MD
Wetumpka, AL
Weymouth, MA
Wheelersburg, OH
Wheeling, WV
White Lake, MI
White Marsh, MD
Whitehall Township, PA
Whiteville, NC
Wichita Falls, TX
Wilkes-Barre, PA
Wilkesboro, NC
Williamsburg, VA
Willoughby, OH
Wilmington Pike, OH
Wilmington, DE
Wilmington, NC
Wilmington, OH
Wilson, NC
Winchester, KY
Winchester, VA
Winston West, NC
Winter Garden, FL
Winter Haven, FL
Wise County, VA
Woburn, MA
Wood County, WV
Wood Village, OR
Woodbridge, NJ
Woodhaven, MI
Woodstock, GA
Woodstock, VA
Wooster, OH
Worcester, MA
Wytheville, VA
Xenia, OH
Yakima, WA
Yonkers, NY
York, PA
York, SC
Yuba City, CA
Yukon, OK
Yuma, AZ
Zanesville, OH
Zephyrhills, FL
Zions Crossroads, VA
Zionsville, IN



Search
Reset






Job Description
Job Description





PSA
Apply Now
Job ID 1138767BR Date posted 01/24/2017
Location Spring, TX
Location Name Spring, TX
Address 20201 N. Ih45
Employment Type I Regular
Employment Type II Full-Time
Line of Business Store
Department 0520 - Product Service
Position DescriptionResponsible for ensuring store displays and signage are maintained and up to date. Includes moving beams and grids, rotating stock, building products, and displaying products and product support materials as appropriate. Responsible for ensuring resets completed by outside vendors are properly stocked and priced, and damaged products are identified and processed according to procedures. Also responsible for providing excellent customer service by assisting customers in locating, selecting, demonstrating, and loading of merchandise in a friendly and professional manner.Job RequirementsRequires morning, afternoon, and evening availability any day of the week. Travel weekly between stores throughout market. Physical ability to move large, bulky and/or heavy merchandise. Physical ability to perform tasks that may require prolonged standing, sitting, and other activities necessary to perform job duties.Minimum QualificationsAbility to read, write, and perform basic arithmetic (addition, subtraction).Licensed driver with reliable transportation.Ability to travel between stores within market and work overnight and weekends as required.Preferred Qualifications6 months Lowe's sales floor experience.6 months experience performing product merchandizing including reading planograms, setting up and tearing down displays.3 months experience operating forklift/power equipment such as lifts, order pickers, and similar equipment.Working knowledge of basic tools needed for the job (e.g., drills, grinders, reciprocating saw, circular saw, hand tools

Lowe’s is an equal opportunity affirmative action employer and administers all personnel practices without regard to race, color, religion, sex, age, national origin, disability, sexual orientation, gender identity or expression, marital status, veteran status, genetics or any other category protected under applicable law.
Apply Now
Email Job



Share

Facebook
Twitter
LinkedIn
Google+






Check out where you could be working if you apply.






Job Alerts

Find out about all of our career opportunities, news, and events at Lowe’s
Email AddressKeywordsEnter a category, location, or category/location pair and click “Add” button.CategoryLocation+Retail Associate, Spring, Texas, United StatesRemoveStores, Spring, Texas, United StatesRemoveRemove

Confirm Email












Related Content



Lowe’s Heroes | Community | Lowe’s
See the way’s Lowe’s Heroes employee volunteers give back to the communities they call home.
More




Lowe’s Heroes | Values | Community | Lowe’s
Lowe’s strong ethical practices help create a solid bond between employees and customers alike.
More




Put some spring in your step! Get a seasonal gig at your local Lowe's
Pinpoint where you'll be this spring using our Lowe's locations map and take advantage of a seasonal gig that has full-time benefits.
More











Talent Community

Join the Lowe's Talent Community Here
We invite you to join our talent communtity — learn about career opportunities, and find out about the latest news and events at Lowe’s.






Stay Connected


#LowesSpringHireJoin us from 8am - 6pm EST⁰⁰ at our hiring office: 6415 Camden Rd Hope Mills, North Carolina, this Wednesday & Thur… twitter.com/i/web/status/8…Posted: 02/20/2017about #LowesSpringHire#WorkAtLowesDon’t let any more time pass you by — find your dream #career with #Lowes today: pic.twitter.com/QuTc0neqvkPosted: 02/20/2017about #RedVest#LowesSpringHireLowe's offers a wide range of opportunities for you. Learn more here!Posted: 02/20/2017about #LowesHeroes#LowesSpringHireSearch for available job openings at Lowe'sPosted: 02/20/2017about #WorkAtLowes#WorkAtLowes#NailTheInterview Advice from Lowe's Recruiters! sm.lowes.com/onggPe pic.twitter.com/tRFtlxGidWPosted: 02/19/2017about #LowesSpringHireLowe's and the Charlotte Hornets are teaming up to launch Mission Critical, a new community program that will address critical repairs at four Charlotte-Mecklenburg schools over the next four months.Posted: 02/18/2017about #WorkAtLowesExplore how #Lowes and @RedCross helped people across the country in 2016 with our #disaster #relief efforts:… twitter.com/i/web/status/8…Posted: 02/17/2017about #WorkAtLowesLearn how #Lowes helped this young man with cerebral palsy work more efficiently at his landscaping job:… twitter.com/i/web/status/8…Posted: 02/17/2017about  Read More | Get Social







Career Area


Corporate

Business Development
Contact Center
Corporate Affairs & Facilities
Customer Experience
Finance & Accounting
Human Resources
Information Technology
Legal
Marketing
Merchandising
Real Estate & Engineering
Specialty Sales
Store Operations Support
Supply Chain & Transportation



Retail

Store Management
Customer Service
Sales Specialists
Loss Prevention



Distribution

Distribution Management







Featured Jobs


Store Seasonal Employee - Front Loader
State College, Pennsylvania
Posted on: 02/21/2017



Installed Sales Coordinator
Sonora, California
Posted on: 02/21/2017



Head Cashier
Carlsbad, California
Posted on: 02/21/2017



Electrical Associate FT
Sioux Falls, South Dakota
Posted on: 02/21/2017












Affiliated Websites
Accessible Home
ATG Stores
Efficient Home
Innovative Products
Iris Smart Home
Kobalt Tools
Lowe’s Build & Grow
Lowe’s Creative Ideas
Lowe’s Mobile Site
Lowe’s Moving Center
Orchard Supply Hardware
Porch
Team Lowe's Racing


Company Info
About Lowe’s
Careers
Ethics & Compliance
Investor Relations
Low Price Guarantee
Lowe’s Canada
Lowe’s Mexico
Lowe’s Newsroom
Site Directory
Social Responsibility
Sustainability Policy


Customer Care
Contact Us
How's Our Site?
Rebate Center
Recalls & Product Safety
Returns / Exchanges
Shipping & Delivery


Services
Credit Card Services
Gift Cards
In-Store Services
Installation Services
International Customers
Lowe’s Protection Plans
Lowe’s Suppliers
Recycling Center Locator
Special Order






Connect With Us.

Facebook
LinkedIn
Twitter
YouTube




terms and conditions of use
privacy statement
your california privacy rights
interest-based advertising
sitemap

© 2016 Lowe's. All rights reserved. Lowe's and the gable design are registered trademarks of LF, LLC.


















